{"cameraMode":{"drawMode":0,"name":"Shaded","section":"Shading Mode"},"sceneLighting":true,"audioPlay":false,"sceneViewState":{"showFog":true,"showMaterialUpdate":false,"showSkybox":true,"showFlares":true,"showImageEffects":true,"showParticleSystems":true},"in2DMode":false,"pivot":{"x":0.34543848037719729,"y":2.642418384552002,"z":-0.8063962459564209},"rotation":{"x":-0.14505790174007417,"y":0.3585125505924225,"z":-0.05651111528277397,"w":-0.9204745888710022},"size":4.0578837394714359,"orthographic":false}